question,answer
Comment m'inscrire à l'IFOAD-UJKZ ?,"Rendez-vous sur le portail IFOAD-UJKZ, créez un compte avec une adresse e‑mail valide, puis complétez le formulaire d’inscription en téléversant vos pièces. Validez votre dossier et suivez son état dans votre espace."
Procédure pour comment m'inscrire à l'ifoad-ujkz ?,"Rendez-vous sur le portail IFOAD-UJKZ, créez un compte avec une adresse e‑mail valide, puis complétez le formulaire d’inscription en téléversant vos pièces. Validez votre dossier et suivez son état dans votre espace."
Quelles sont les étapes pour comment m'inscrire à l'ifoad-ujkz ?,"Rendez-vous sur le portail IFOAD-UJKZ, créez un compte avec une adresse e‑mail valide, puis complétez le formulaire d’inscription en téléversant vos pièces. Validez votre dossier et suivez son état dans votre espace."
"Je veux comment m'inscrire à l'ifoad-ujkz, comment faire ?","Rendez-vous sur le portail IFOAD-UJKZ, créez un compte avec une adresse e‑mail valide, puis complétez le formulaire d’inscription en téléversant vos pièces. Validez votre dossier et suivez son état dans votre espace."
"Aide : comment m'inscrire à l'ifoad-ujkz, s'il vous plaît. ?","Rendez-vous sur le portail IFOAD-UJKZ, créez un compte avec une adresse e‑mail valide, puis complétez le formulaire d’inscription en téléversant vos pièces. Validez votre dossier et suivez son état dans votre espace."
Comment procéder pour comment m'inscrire à l'ifoad-ujkz ?,"Rendez-vous sur le portail IFOAD-UJKZ, créez un compte avec une adresse e‑mail valide, puis complétez le formulaire d’inscription en téléversant vos pièces. Validez votre dossier et suivez son état dans votre espace."
Quelles pièces faut-il fournir pour l'inscription ?,"Pièce d’identité, photo d’identité, relevés/attestations selon le niveau, CV succinct et reçu des frais. Les listes exactes peuvent varier : vérifiez la page d’admission officielle."
Procédure pour quelles pièces faut-il fournir pour l'inscription ?,"Pièce d’identité, photo d’identité, relevés/attestations selon le niveau, CV succinct et reçu des frais. Les listes exactes peuvent varier : vérifiez la page d’admission officielle."
Quelles sont les étapes pour quelles pièces faut-il fournir pour l'inscription ?,"Pièce d’identité, photo d’identité, relevés/attestations selon le niveau, CV succinct et reçu des frais. Les listes exactes peuvent varier : vérifiez la page d’admission officielle."
"Je veux quelles pièces faut-il fournir pour l'inscription, comment faire ?","Pièce d’identité, photo d’identité, relevés/attestations selon le niveau, CV succinct et reçu des frais. Les listes exactes peuvent varier : vérifiez la page d’admission officielle."
"Aide : quelles pièces faut-il fournir pour l'inscription, s'il vous plaît. ?","Pièce d’identité, photo d’identité, relevés/attestations selon le niveau, CV succinct et reçu des frais. Les listes exactes peuvent varier : vérifiez la page d’admission officielle."
Comment procéder pour quelles pièces faut-il fournir pour l'inscription ?,"Pièce d’identité, photo d’identité, relevés/attestations selon le niveau, CV succinct et reçu des frais. Les listes exactes peuvent varier : vérifiez la page d’admission officielle."
Comment suivre l’état de mon dossier d’admission ?,"Connectez‑vous à votre espace candidat puis ouvrez l’onglet « Dossier ». Les statuts (reçu, incomplet, validé, en étude) s’affichent en temps réel."
Procédure pour comment suivre l’état de mon dossier d’admission ?,"Connectez‑vous à votre espace candidat puis ouvrez l’onglet « Dossier ». Les statuts (reçu, incomplet, validé, en étude) s’affichent en temps réel."
Quelles sont les étapes pour comment suivre l’état de mon dossier d’admission ?,"Connectez‑vous à votre espace candidat puis ouvrez l’onglet « Dossier ». Les statuts (reçu, incomplet, validé, en étude) s’affichent en temps réel."
"Je veux comment suivre l’état de mon dossier d’admission, comment faire ?","Connectez‑vous à votre espace candidat puis ouvrez l’onglet « Dossier ». Les statuts (reçu, incomplet, validé, en étude) s’affichent en temps réel."
"Aide : comment suivre l’état de mon dossier d’admission, s'il vous plaît. ?","Connectez‑vous à votre espace candidat puis ouvrez l’onglet « Dossier ». Les statuts (reçu, incomplet, validé, en étude) s’affichent en temps réel."
Comment procéder pour comment suivre l’état de mon dossier d’admission ?,"Connectez‑vous à votre espace candidat puis ouvrez l’onglet « Dossier ». Les statuts (reçu, incomplet, validé, en étude) s’affichent en temps réel."
Comment payer les frais d'inscription ?,"Depuis votre espace, générez l’avis de paiement puis réglez via les moyens indiqués (banque/compagnie partenaire, mobile money si disponible). Chargez ensuite le reçu dans le portail."
Procédure pour comment payer les frais d'inscription ?,"Depuis votre espace, générez l’avis de paiement puis réglez via les moyens indiqués (banque/compagnie partenaire, mobile money si disponible). Chargez ensuite le reçu dans le portail."
Quelles sont les étapes pour comment payer les frais d'inscription ?,"Depuis votre espace, générez l’avis de paiement puis réglez via les moyens indiqués (banque/compagnie partenaire, mobile money si disponible). Chargez ensuite le reçu dans le portail."
"Je veux comment payer les frais d'inscription, comment faire ?","Depuis votre espace, générez l’avis de paiement puis réglez via les moyens indiqués (banque/compagnie partenaire, mobile money si disponible). Chargez ensuite le reçu dans le portail."
"Aide : comment payer les frais d'inscription, s'il vous plaît. ?","Depuis votre espace, générez l’avis de paiement puis réglez via les moyens indiqués (banque/compagnie partenaire, mobile money si disponible). Chargez ensuite le reçu dans le portail."
Comment procéder pour comment payer les frais d'inscription ?,"Depuis votre espace, générez l’avis de paiement puis réglez via les moyens indiqués (banque/compagnie partenaire, mobile money si disponible). Chargez ensuite le reçu dans le portail."
Puis‑je payer en plusieurs tranches ?,Oui si la scolarité l’autorise pour votre formation. Consultez la note de la scolarité ou contactez‑les pour connaître les échéances et pénalités éventuelles.
Procédure pour puis‑je payer en plusieurs tranches ?,Oui si la scolarité l’autorise pour votre formation. Consultez la note de la scolarité ou contactez‑les pour connaître les échéances et pénalités éventuelles.
Quelles sont les étapes pour puis‑je payer en plusieurs tranches ?,Oui si la scolarité l’autorise pour votre formation. Consultez la note de la scolarité ou contactez‑les pour connaître les échéances et pénalités éventuelles.
"Je veux puis‑je payer en plusieurs tranches, comment faire ?",Oui si la scolarité l’autorise pour votre formation. Consultez la note de la scolarité ou contactez‑les pour connaître les échéances et pénalités éventuelles.
"Aide : puis‑je payer en plusieurs tranches, s'il vous plaît. ?",Oui si la scolarité l’autorise pour votre formation. Consultez la note de la scolarité ou contactez‑les pour connaître les échéances et pénalités éventuelles.
Comment procéder pour puis‑je payer en plusieurs tranches ?,Oui si la scolarité l’autorise pour votre formation. Consultez la note de la scolarité ou contactez‑les pour connaître les échéances et pénalités éventuelles.
Comment obtenir une bourse d’études ?,"Repérez les appels (État, IsDB, AUF, partenaires), préparez un dossier solide (relevés, lettres, projet), déposez dans les délais et suivez les résultats sur les sites officiels."
Procédure pour comment obtenir une bourse d’études ?,"Repérez les appels (État, IsDB, AUF, partenaires), préparez un dossier solide (relevés, lettres, projet), déposez dans les délais et suivez les résultats sur les sites officiels."
Quelles sont les étapes pour comment obtenir une bourse d’études ?,"Repérez les appels (État, IsDB, AUF, partenaires), préparez un dossier solide (relevés, lettres, projet), déposez dans les délais et suivez les résultats sur les sites officiels."
"Je veux comment obtenir une bourse d’études, comment faire ?","Repérez les appels (État, IsDB, AUF, partenaires), préparez un dossier solide (relevés, lettres, projet), déposez dans les délais et suivez les résultats sur les sites officiels."
"Aide : comment obtenir une bourse d’études, s'il vous plaît. ?","Repérez les appels (État, IsDB, AUF, partenaires), préparez un dossier solide (relevés, lettres, projet), déposez dans les délais et suivez les résultats sur les sites officiels."
Comment procéder pour comment obtenir une bourse d’études ?,"Repérez les appels (État, IsDB, AUF, partenaires), préparez un dossier solide (relevés, lettres, projet), déposez dans les délais et suivez les résultats sur les sites officiels."
Quelles sont les dates importantes du calendrier académique ?,"La rentrée, la période d’inscription, les évaluations et les examens sont publiés par la scolarité. Consultez régulièrement l’espace annonces et votre e‑mail institutionnel."
Procédure pour quelles sont les dates importantes du calendrier académique ?,"La rentrée, la période d’inscription, les évaluations et les examens sont publiés par la scolarité. Consultez régulièrement l’espace annonces et votre e‑mail institutionnel."
Quelles sont les étapes pour quelles sont les dates importantes du calendrier académique ?,"La rentrée, la période d’inscription, les évaluations et les examens sont publiés par la scolarité. Consultez régulièrement l’espace annonces et votre e‑mail institutionnel."
"Je veux quelles sont les dates importantes du calendrier académique, comment faire ?","La rentrée, la période d’inscription, les évaluations et les examens sont publiés par la scolarité. Consultez régulièrement l’espace annonces et votre e‑mail institutionnel."
"Aide : quelles sont les dates importantes du calendrier académique, s'il vous plaît. ?","La rentrée, la période d’inscription, les évaluations et les examens sont publiés par la scolarité. Consultez régulièrement l’espace annonces et votre e‑mail institutionnel."
Comment procéder pour quelles sont les dates importantes du calendrier académique ?,"La rentrée, la période d’inscription, les évaluations et les examens sont publiés par la scolarité. Consultez régulièrement l’espace annonces et votre e‑mail institutionnel."
Comment se déroulent les examens ?,"Les évaluations combinent contrôle continu et examens finaux. Les modalités (présentiel/distanciel, durée, barème) sont précisées par l’enseignant et le département."
Procédure pour comment se déroulent les examens ?,"Les évaluations combinent contrôle continu et examens finaux. Les modalités (présentiel/distanciel, durée, barème) sont précisées par l’enseignant et le département."
Quelles sont les étapes pour comment se déroulent les examens ?,"Les évaluations combinent contrôle continu et examens finaux. Les modalités (présentiel/distanciel, durée, barème) sont précisées par l’enseignant et le département."
"Je veux comment se déroulent les examens, comment faire ?","Les évaluations combinent contrôle continu et examens finaux. Les modalités (présentiel/distanciel, durée, barème) sont précisées par l’enseignant et le département."
"Aide : comment se déroulent les examens, s'il vous plaît. ?","Les évaluations combinent contrôle continu et examens finaux. Les modalités (présentiel/distanciel, durée, barème) sont précisées par l’enseignant et le département."
Comment procéder pour comment se déroulent les examens ?,"Les évaluations combinent contrôle continu et examens finaux. Les modalités (présentiel/distanciel, durée, barème) sont précisées par l’enseignant et le département."
Comment obtenir une attestation de scolarité ?,Faites la demande depuis votre espace étudiant ou au service scolarité. L’attestation est délivrée après vérification de votre inscription et de votre situation financière.
Procédure pour comment obtenir une attestation de scolarité ?,Faites la demande depuis votre espace étudiant ou au service scolarité. L’attestation est délivrée après vérification de votre inscription et de votre situation financière.
Quelles sont les étapes pour comment obtenir une attestation de scolarité ?,Faites la demande depuis votre espace étudiant ou au service scolarité. L’attestation est délivrée après vérification de votre inscription et de votre situation financière.
"Je veux comment obtenir une attestation de scolarité, comment faire ?",Faites la demande depuis votre espace étudiant ou au service scolarité. L’attestation est délivrée après vérification de votre inscription et de votre situation financière.
"Aide : comment obtenir une attestation de scolarité, s'il vous plaît. ?",Faites la demande depuis votre espace étudiant ou au service scolarité. L’attestation est délivrée après vérification de votre inscription et de votre situation financière.
Comment procéder pour comment obtenir une attestation de scolarité ?,Faites la demande depuis votre espace étudiant ou au service scolarité. L’attestation est délivrée après vérification de votre inscription et de votre situation financière.
Comment récupérer mes relevés de notes ?,Les relevés sont disponibles après délibération. Téléchargez-les dans votre espace étudiant ou retirez‑les au service scolarité selon la procédure en vigueur.
Procédure pour comment récupérer mes relevés de notes ?,Les relevés sont disponibles après délibération. Téléchargez-les dans votre espace étudiant ou retirez‑les au service scolarité selon la procédure en vigueur.
Quelles sont les étapes pour comment récupérer mes relevés de notes ?,Les relevés sont disponibles après délibération. Téléchargez-les dans votre espace étudiant ou retirez‑les au service scolarité selon la procédure en vigueur.
"Je veux comment récupérer mes relevés de notes, comment faire ?",Les relevés sont disponibles après délibération. Téléchargez-les dans votre espace étudiant ou retirez‑les au service scolarité selon la procédure en vigueur.
"Aide : comment récupérer mes relevés de notes, s'il vous plaît. ?",Les relevés sont disponibles après délibération. Téléchargez-les dans votre espace étudiant ou retirez‑les au service scolarité selon la procédure en vigueur.
Comment procéder pour comment récupérer mes relevés de notes ?,Les relevés sont disponibles après délibération. Téléchargez-les dans votre espace étudiant ou retirez‑les au service scolarité selon la procédure en vigueur.
Comment contacter la scolarité IFOAD‑UJKZ ?,Utilisez l’adresse et le numéro indiqués sur le portail IFOAD‑UJKZ (rubrique Contact). Privilégiez l’e‑mail institutionnel avec votre identifiant et l’objet précis de la demande.
Procédure pour comment contacter la scolarité ifoad‑ujkz ?,Utilisez l’adresse et le numéro indiqués sur le portail IFOAD‑UJKZ (rubrique Contact). Privilégiez l’e‑mail institutionnel avec votre identifiant et l’objet précis de la demande.
Quelles sont les étapes pour comment contacter la scolarité ifoad‑ujkz ?,Utilisez l’adresse et le numéro indiqués sur le portail IFOAD‑UJKZ (rubrique Contact). Privilégiez l’e‑mail institutionnel avec votre identifiant et l’objet précis de la demande.
"Je veux comment contacter la scolarité ifoad‑ujkz, comment faire ?",Utilisez l’adresse et le numéro indiqués sur le portail IFOAD‑UJKZ (rubrique Contact). Privilégiez l’e‑mail institutionnel avec votre identifiant et l’objet précis de la demande.
"Aide : comment contacter la scolarité ifoad‑ujkz, s'il vous plaît. ?",Utilisez l’adresse et le numéro indiqués sur le portail IFOAD‑UJKZ (rubrique Contact). Privilégiez l’e‑mail institutionnel avec votre identifiant et l’objet précis de la demande.
Comment procéder pour comment contacter la scolarité ifoad‑ujkz ?,Utilisez l’adresse et le numéro indiqués sur le portail IFOAD‑UJKZ (rubrique Contact). Privilégiez l’e‑mail institutionnel avec votre identifiant et l’objet précis de la demande.
Comment activer mon compte étudiant ?,"Après validation d’inscription, vous recevez un e‑mail d’activation. Cliquez le lien, définissez un mot de passe fort et connectez‑vous à l’espace étudiant."
Procédure pour comment activer mon compte étudiant ?,"Après validation d’inscription, vous recevez un e‑mail d’activation. Cliquez le lien, définissez un mot de passe fort et connectez‑vous à l’espace étudiant."
Quelles sont les étapes pour comment activer mon compte étudiant ?,"Après validation d’inscription, vous recevez un e‑mail d’activation. Cliquez le lien, définissez un mot de passe fort et connectez‑vous à l’espace étudiant."
"Je veux comment activer mon compte étudiant, comment faire ?","Après validation d’inscription, vous recevez un e‑mail d’activation. Cliquez le lien, définissez un mot de passe fort et connectez‑vous à l’espace étudiant."
"Aide : comment activer mon compte étudiant, s'il vous plaît. ?","Après validation d’inscription, vous recevez un e‑mail d’activation. Cliquez le lien, définissez un mot de passe fort et connectez‑vous à l’espace étudiant."
Comment procéder pour comment activer mon compte étudiant ?,"Après validation d’inscription, vous recevez un e‑mail d’activation. Cliquez le lien, définissez un mot de passe fort et connectez‑vous à l’espace étudiant."
"J’ai oublié mon mot de passe, que faire ?","Utilisez « Mot de passe oublié » sur la page de connexion, saisissez votre e‑mail puis suivez le lien de réinitialisation envoyé. Changez immédiatement le mot de passe."
"Procédure pour j’ai oublié mon mot de passe, que faire ?","Utilisez « Mot de passe oublié » sur la page de connexion, saisissez votre e‑mail puis suivez le lien de réinitialisation envoyé. Changez immédiatement le mot de passe."
"Quelles sont les étapes pour j’ai oublié mon mot de passe, que faire ?","Utilisez « Mot de passe oublié » sur la page de connexion, saisissez votre e‑mail puis suivez le lien de réinitialisation envoyé. Changez immédiatement le mot de passe."
"Je veux j’ai oublié mon mot de passe, que faire, comment faire ?","Utilisez « Mot de passe oublié » sur la page de connexion, saisissez votre e‑mail puis suivez le lien de réinitialisation envoyé. Changez immédiatement le mot de passe."
"Aide : j’ai oublié mon mot de passe, que faire, s'il vous plaît. ?","Utilisez « Mot de passe oublié » sur la page de connexion, saisissez votre e‑mail puis suivez le lien de réinitialisation envoyé. Changez immédiatement le mot de passe."
"Comment procéder pour j’ai oublié mon mot de passe, que faire ?","Utilisez « Mot de passe oublié » sur la page de connexion, saisissez votre e‑mail puis suivez le lien de réinitialisation envoyé. Changez immédiatement le mot de passe."
Je n’arrive pas à me connecter à la plateforme e‑learning. ?,"Vérifiez vos identifiants, la casse du mot de passe, puis testez un autre navigateur. Si le problème persiste, videz le cache ou contactez le support avec une capture d’écran."
Procédure pour je n’arrive pas à me connecter à la plateforme e‑learning ?,"Vérifiez vos identifiants, la casse du mot de passe, puis testez un autre navigateur. Si le problème persiste, videz le cache ou contactez le support avec une capture d’écran."
Quelles sont les étapes pour je n’arrive pas à me connecter à la plateforme e‑learning ?,"Vérifiez vos identifiants, la casse du mot de passe, puis testez un autre navigateur. Si le problème persiste, videz le cache ou contactez le support avec une capture d’écran."
"Je veux je n’arrive pas à me connecter à la plateforme e‑learning, comment faire ?","Vérifiez vos identifiants, la casse du mot de passe, puis testez un autre navigateur. Si le problème persiste, videz le cache ou contactez le support avec une capture d’écran."
"Aide : je n’arrive pas à me connecter à la plateforme e‑learning, s'il vous plaît. ?","Vérifiez vos identifiants, la casse du mot de passe, puis testez un autre navigateur. Si le problème persiste, videz le cache ou contactez le support avec une capture d’écran."
Comment procéder pour je n’arrive pas à me connecter à la plateforme e‑learning ?,"Vérifiez vos identifiants, la casse du mot de passe, puis testez un autre navigateur. Si le problème persiste, videz le cache ou contactez le support avec une capture d’écran."
Comment se connecter au Wi‑Fi du campus ?,"Recherchez le SSID officiel, sélectionnez‑le puis entrez vos identifiants étudiant. Acceptez les conditions d’usage. En cas d’échec, rapprochez‑vous du support TIC."
Procédure pour comment se connecter au wi‑fi du campus ?,"Recherchez le SSID officiel, sélectionnez‑le puis entrez vos identifiants étudiant. Acceptez les conditions d’usage. En cas d’échec, rapprochez‑vous du support TIC."
Quelles sont les étapes pour comment se connecter au wi‑fi du campus ?,"Recherchez le SSID officiel, sélectionnez‑le puis entrez vos identifiants étudiant. Acceptez les conditions d’usage. En cas d’échec, rapprochez‑vous du support TIC."
"Je veux comment se connecter au wi‑fi du campus, comment faire ?","Recherchez le SSID officiel, sélectionnez‑le puis entrez vos identifiants étudiant. Acceptez les conditions d’usage. En cas d’échec, rapprochez‑vous du support TIC."
"Aide : comment se connecter au wi‑fi du campus, s'il vous plaît. ?","Recherchez le SSID officiel, sélectionnez‑le puis entrez vos identifiants étudiant. Acceptez les conditions d’usage. En cas d’échec, rapprochez‑vous du support TIC."
Comment procéder pour comment se connecter au wi‑fi du campus ?,"Recherchez le SSID officiel, sélectionnez‑le puis entrez vos identifiants étudiant. Acceptez les conditions d’usage. En cas d’échec, rapprochez‑vous du support TIC."
"Le Wi‑Fi se déconnecte sans cesse, que faire ?","Oubliez le réseau puis reconnectez‑vous, mettez à jour vos pilotes, vérifiez l’heure du système et restez dans les zones de bonne couverture. Si besoin, ouvrez un ticket."
"Procédure pour le wi‑fi se déconnecte sans cesse, que faire ?","Oubliez le réseau puis reconnectez‑vous, mettez à jour vos pilotes, vérifiez l’heure du système et restez dans les zones de bonne couverture. Si besoin, ouvrez un ticket."
"Quelles sont les étapes pour le wi‑fi se déconnecte sans cesse, que faire ?","Oubliez le réseau puis reconnectez‑vous, mettez à jour vos pilotes, vérifiez l’heure du système et restez dans les zones de bonne couverture. Si besoin, ouvrez un ticket."
"Je veux le wi‑fi se déconnecte sans cesse, que faire, comment faire ?","Oubliez le réseau puis reconnectez‑vous, mettez à jour vos pilotes, vérifiez l’heure du système et restez dans les zones de bonne couverture. Si besoin, ouvrez un ticket."
"Aide : le wi‑fi se déconnecte sans cesse, que faire, s'il vous plaît. ?","Oubliez le réseau puis reconnectez‑vous, mettez à jour vos pilotes, vérifiez l’heure du système et restez dans les zones de bonne couverture. Si besoin, ouvrez un ticket."
"Comment procéder pour le wi‑fi se déconnecte sans cesse, que faire ?","Oubliez le réseau puis reconnectez‑vous, mettez à jour vos pilotes, vérifiez l’heure du système et restez dans les zones de bonne couverture. Si besoin, ouvrez un ticket."
Mot de passe Wi‑Fi oublié : comment le réinitialiser ?,Passez par le portail d’identité (ou helpdesk) pour réinitialiser votre mot de passe réseau. Utilisez un mot de passe fort et conservez‑le en lieu sûr.
Procédure pour mot de passe wi‑fi oublié : comment le réinitialiser ?,Passez par le portail d’identité (ou helpdesk) pour réinitialiser votre mot de passe réseau. Utilisez un mot de passe fort et conservez‑le en lieu sûr.
Quelles sont les étapes pour mot de passe wi‑fi oublié : comment le réinitialiser ?,Passez par le portail d’identité (ou helpdesk) pour réinitialiser votre mot de passe réseau. Utilisez un mot de passe fort et conservez‑le en lieu sûr.
"Je veux mot de passe wi‑fi oublié : comment le réinitialiser, comment faire ?",Passez par le portail d’identité (ou helpdesk) pour réinitialiser votre mot de passe réseau. Utilisez un mot de passe fort et conservez‑le en lieu sûr.
"Aide : mot de passe wi‑fi oublié : comment le réinitialiser, s'il vous plaît. ?",Passez par le portail d’identité (ou helpdesk) pour réinitialiser votre mot de passe réseau. Utilisez un mot de passe fort et conservez‑le en lieu sûr.
Comment procéder pour mot de passe wi‑fi oublié : comment le réinitialiser ?,Passez par le portail d’identité (ou helpdesk) pour réinitialiser votre mot de passe réseau. Utilisez un mot de passe fort et conservez‑le en lieu sûr.
Quels logiciels sont requis pour les cours ?,"Selon les UE : suite bureautique, navigateurs à jour, Python/Anaconda, R, VS Code, outils de data viz. Consultez chaque plan de cours pour la liste exacte."
Procédure pour quels logiciels sont requis pour les cours ?,"Selon les UE : suite bureautique, navigateurs à jour, Python/Anaconda, R, VS Code, outils de data viz. Consultez chaque plan de cours pour la liste exacte."
Quelles sont les étapes pour quels logiciels sont requis pour les cours ?,"Selon les UE : suite bureautique, navigateurs à jour, Python/Anaconda, R, VS Code, outils de data viz. Consultez chaque plan de cours pour la liste exacte."
"Je veux quels logiciels sont requis pour les cours, comment faire ?","Selon les UE : suite bureautique, navigateurs à jour, Python/Anaconda, R, VS Code, outils de data viz. Consultez chaque plan de cours pour la liste exacte."
"Aide : quels logiciels sont requis pour les cours, s'il vous plaît. ?","Selon les UE : suite bureautique, navigateurs à jour, Python/Anaconda, R, VS Code, outils de data viz. Consultez chaque plan de cours pour la liste exacte."
Comment procéder pour quels logiciels sont requis pour les cours ?,"Selon les UE : suite bureautique, navigateurs à jour, Python/Anaconda, R, VS Code, outils de data viz. Consultez chaque plan de cours pour la liste exacte."
Comment installer Python et les bibliothèques utiles ?,"Installez Python ou Anaconda, créez un environnement virtuel puis `pip install` les bibliothèques (pandas, numpy, scikit‑learn…). Vérifiez l’installation avec `python --version`."
Procédure pour comment installer python et les bibliothèques utiles ?,"Installez Python ou Anaconda, créez un environnement virtuel puis `pip install` les bibliothèques (pandas, numpy, scikit‑learn…). Vérifiez l’installation avec `python --version`."
Quelles sont les étapes pour comment installer python et les bibliothèques utiles ?,"Installez Python ou Anaconda, créez un environnement virtuel puis `pip install` les bibliothèques (pandas, numpy, scikit‑learn…). Vérifiez l’installation avec `python --version`."
"Je veux comment installer python et les bibliothèques utiles, comment faire ?","Installez Python ou Anaconda, créez un environnement virtuel puis `pip install` les bibliothèques (pandas, numpy, scikit‑learn…). Vérifiez l’installation avec `python --version`."
"Aide : comment installer python et les bibliothèques utiles, s'il vous plaît. ?","Installez Python ou Anaconda, créez un environnement virtuel puis `pip install` les bibliothèques (pandas, numpy, scikit‑learn…). Vérifiez l’installation avec `python --version`."
Comment procéder pour comment installer python et les bibliothèques utiles ?,"Installez Python ou Anaconda, créez un environnement virtuel puis `pip install` les bibliothèques (pandas, numpy, scikit‑learn…). Vérifiez l’installation avec `python --version`."
Erreur d’installation d’un logiciel : comment dépanner ?,"Lancez en tant qu’admin, vérifiez l’antivirus, l’espace disque et les dépendances. Consultez les logs d’erreur et la FAQ du fournisseur. Contactez le support si besoin."
Procédure pour erreur d’installation d’un logiciel : comment dépanner ?,"Lancez en tant qu’admin, vérifiez l’antivirus, l’espace disque et les dépendances. Consultez les logs d’erreur et la FAQ du fournisseur. Contactez le support si besoin."
Quelles sont les étapes pour erreur d’installation d’un logiciel : comment dépanner ?,"Lancez en tant qu’admin, vérifiez l’antivirus, l’espace disque et les dépendances. Consultez les logs d’erreur et la FAQ du fournisseur. Contactez le support si besoin."
"Je veux erreur d’installation d’un logiciel : comment dépanner, comment faire ?","Lancez en tant qu’admin, vérifiez l’antivirus, l’espace disque et les dépendances. Consultez les logs d’erreur et la FAQ du fournisseur. Contactez le support si besoin."
"Aide : erreur d’installation d’un logiciel : comment dépanner, s'il vous plaît. ?","Lancez en tant qu’admin, vérifiez l’antivirus, l’espace disque et les dépendances. Consultez les logs d’erreur et la FAQ du fournisseur. Contactez le support si besoin."
Comment procéder pour erreur d’installation d’un logiciel : comment dépanner ?,"Lancez en tant qu’admin, vérifiez l’antivirus, l’espace disque et les dépendances. Consultez les logs d’erreur et la FAQ du fournisseur. Contactez le support si besoin."
Le site ne s’ouvre pas/affiche une page blanche. ?,"Testez un autre navigateur, videz le cache, désactivez les extensions bloquantes, vérifiez votre connexion. Essayez en navigation privée."
Procédure pour le site ne s’ouvre pas/affiche une page blanche ?,"Testez un autre navigateur, videz le cache, désactivez les extensions bloquantes, vérifiez votre connexion. Essayez en navigation privée."
Quelles sont les étapes pour le site ne s’ouvre pas/affiche une page blanche ?,"Testez un autre navigateur, videz le cache, désactivez les extensions bloquantes, vérifiez votre connexion. Essayez en navigation privée."
"Je veux le site ne s’ouvre pas/affiche une page blanche, comment faire ?","Testez un autre navigateur, videz le cache, désactivez les extensions bloquantes, vérifiez votre connexion. Essayez en navigation privée."
"Aide : le site ne s’ouvre pas/affiche une page blanche, s'il vous plaît. ?","Testez un autre navigateur, videz le cache, désactivez les extensions bloquantes, vérifiez votre connexion. Essayez en navigation privée."
Comment procéder pour le site ne s’ouvre pas/affiche une page blanche ?,"Testez un autre navigateur, videz le cache, désactivez les extensions bloquantes, vérifiez votre connexion. Essayez en navigation privée."
Bonnes pratiques de sécurité informatique ?,"Utilisez des mots de passe forts, 2FA si disponible, ne partagez pas vos identifiants, mettez à jour vos logiciels, évitez le phishing et sauvegardez vos données."
Procédure pour bonnes pratiques de sécurité informatique ?,"Utilisez des mots de passe forts, 2FA si disponible, ne partagez pas vos identifiants, mettez à jour vos logiciels, évitez le phishing et sauvegardez vos données."
Quelles sont les étapes pour bonnes pratiques de sécurité informatique ?,"Utilisez des mots de passe forts, 2FA si disponible, ne partagez pas vos identifiants, mettez à jour vos logiciels, évitez le phishing et sauvegardez vos données."
"Je veux bonnes pratiques de sécurité informatique, comment faire ?","Utilisez des mots de passe forts, 2FA si disponible, ne partagez pas vos identifiants, mettez à jour vos logiciels, évitez le phishing et sauvegardez vos données."
"Aide : bonnes pratiques de sécurité informatique, s'il vous plaît. ?","Utilisez des mots de passe forts, 2FA si disponible, ne partagez pas vos identifiants, mettez à jour vos logiciels, évitez le phishing et sauvegardez vos données."
Comment procéder pour bonnes pratiques de sécurité informatique ?,"Utilisez des mots de passe forts, 2FA si disponible, ne partagez pas vos identifiants, mettez à jour vos logiciels, évitez le phishing et sauvegardez vos données."
Comment accéder aux cours sur la plateforme e‑learning ?,"Connectez‑vous avec vos identifiants, ouvrez le cours dans votre tableau de bord, puis suivez les modules, vidéos et TD indiqués par l’enseignant."
Procédure pour comment accéder aux cours sur la plateforme e‑learning ?,"Connectez‑vous avec vos identifiants, ouvrez le cours dans votre tableau de bord, puis suivez les modules, vidéos et TD indiqués par l’enseignant."
Quelles sont les étapes pour comment accéder aux cours sur la plateforme e‑learning ?,"Connectez‑vous avec vos identifiants, ouvrez le cours dans votre tableau de bord, puis suivez les modules, vidéos et TD indiqués par l’enseignant."
"Je veux comment accéder aux cours sur la plateforme e‑learning, comment faire ?","Connectez‑vous avec vos identifiants, ouvrez le cours dans votre tableau de bord, puis suivez les modules, vidéos et TD indiqués par l’enseignant."
"Aide : comment accéder aux cours sur la plateforme e‑learning, s'il vous plaît. ?","Connectez‑vous avec vos identifiants, ouvrez le cours dans votre tableau de bord, puis suivez les modules, vidéos et TD indiqués par l’enseignant."
Comment procéder pour comment accéder aux cours sur la plateforme e‑learning ?,"Connectez‑vous avec vos identifiants, ouvrez le cours dans votre tableau de bord, puis suivez les modules, vidéos et TD indiqués par l’enseignant."
Les vidéos de cours ne se lancent pas. ?,"Vérifiez le débit, changez de navigateur, autorisez le lecteur, désactivez les bloqueurs et essayez une résolution plus basse. Si besoin, contactez le support."
Procédure pour les vidéos de cours ne se lancent pas ?,"Vérifiez le débit, changez de navigateur, autorisez le lecteur, désactivez les bloqueurs et essayez une résolution plus basse. Si besoin, contactez le support."
Quelles sont les étapes pour les vidéos de cours ne se lancent pas ?,"Vérifiez le débit, changez de navigateur, autorisez le lecteur, désactivez les bloqueurs et essayez une résolution plus basse. Si besoin, contactez le support."
"Je veux les vidéos de cours ne se lancent pas, comment faire ?","Vérifiez le débit, changez de navigateur, autorisez le lecteur, désactivez les bloqueurs et essayez une résolution plus basse. Si besoin, contactez le support."
"Aide : les vidéos de cours ne se lancent pas, s'il vous plaît. ?","Vérifiez le débit, changez de navigateur, autorisez le lecteur, désactivez les bloqueurs et essayez une résolution plus basse. Si besoin, contactez le support."
Comment procéder pour les vidéos de cours ne se lancent pas ?,"Vérifiez le débit, changez de navigateur, autorisez le lecteur, désactivez les bloqueurs et essayez une résolution plus basse. Si besoin, contactez le support."
Comment soumettre un devoir en ligne ?,"Ouvrez l’activité, respectez le format demandé (PDF/ZIP…), téléversez le fichier puis validez l’envoi. Vérifiez le message de confirmation."
Procédure pour comment soumettre un devoir en ligne ?,"Ouvrez l’activité, respectez le format demandé (PDF/ZIP…), téléversez le fichier puis validez l’envoi. Vérifiez le message de confirmation."
Quelles sont les étapes pour comment soumettre un devoir en ligne ?,"Ouvrez l’activité, respectez le format demandé (PDF/ZIP…), téléversez le fichier puis validez l’envoi. Vérifiez le message de confirmation."
"Je veux comment soumettre un devoir en ligne, comment faire ?","Ouvrez l’activité, respectez le format demandé (PDF/ZIP…), téléversez le fichier puis validez l’envoi. Vérifiez le message de confirmation."
"Aide : comment soumettre un devoir en ligne, s'il vous plaît. ?","Ouvrez l’activité, respectez le format demandé (PDF/ZIP…), téléversez le fichier puis validez l’envoi. Vérifiez le message de confirmation."
Comment procéder pour comment soumettre un devoir en ligne ?,"Ouvrez l’activité, respectez le format demandé (PDF/ZIP…), téléversez le fichier puis validez l’envoi. Vérifiez le message de confirmation."
Comment gérer mon emploi du temps ?,"Consultez l’emploi du temps publié par le département, synchronisez‑le à votre agenda et prévoyez des plages de révision régulières."
Procédure pour comment gérer mon emploi du temps ?,"Consultez l’emploi du temps publié par le département, synchronisez‑le à votre agenda et prévoyez des plages de révision régulières."
Quelles sont les étapes pour comment gérer mon emploi du temps ?,"Consultez l’emploi du temps publié par le département, synchronisez‑le à votre agenda et prévoyez des plages de révision régulières."
"Je veux comment gérer mon emploi du temps, comment faire ?","Consultez l’emploi du temps publié par le département, synchronisez‑le à votre agenda et prévoyez des plages de révision régulières."
"Aide : comment gérer mon emploi du temps, s'il vous plaît. ?","Consultez l’emploi du temps publié par le département, synchronisez‑le à votre agenda et prévoyez des plages de révision régulières."
Comment procéder pour comment gérer mon emploi du temps ?,"Consultez l’emploi du temps publié par le département, synchronisez‑le à votre agenda et prévoyez des plages de révision régulières."
Comment demander une séance de rattrapage ?,"Écrivez à l’enseignant avec un motif précis, proposez des créneaux et tenez compte des contraintes de salle et de disponibilité."
Procédure pour comment demander une séance de rattrapage ?,"Écrivez à l’enseignant avec un motif précis, proposez des créneaux et tenez compte des contraintes de salle et de disponibilité."
Quelles sont les étapes pour comment demander une séance de rattrapage ?,"Écrivez à l’enseignant avec un motif précis, proposez des créneaux et tenez compte des contraintes de salle et de disponibilité."
"Je veux comment demander une séance de rattrapage, comment faire ?","Écrivez à l’enseignant avec un motif précis, proposez des créneaux et tenez compte des contraintes de salle et de disponibilité."
"Aide : comment demander une séance de rattrapage, s'il vous plaît. ?","Écrivez à l’enseignant avec un motif précis, proposez des créneaux et tenez compte des contraintes de salle et de disponibilité."
Comment procéder pour comment demander une séance de rattrapage ?,"Écrivez à l’enseignant avec un motif précis, proposez des créneaux et tenez compte des contraintes de salle et de disponibilité."
Comment trouver un stage et obtenir une convention ?,"Ciblez des structures pertinentes, préparez CV/lettre, postulez, puis demandez la convention au service compétent. Respectez les délais administratifs."
Procédure pour comment trouver un stage et obtenir une convention ?,"Ciblez des structures pertinentes, préparez CV/lettre, postulez, puis demandez la convention au service compétent. Respectez les délais administratifs."
Quelles sont les étapes pour comment trouver un stage et obtenir une convention ?,"Ciblez des structures pertinentes, préparez CV/lettre, postulez, puis demandez la convention au service compétent. Respectez les délais administratifs."
"Je veux comment trouver un stage et obtenir une convention, comment faire ?","Ciblez des structures pertinentes, préparez CV/lettre, postulez, puis demandez la convention au service compétent. Respectez les délais administratifs."
"Aide : comment trouver un stage et obtenir une convention, s'il vous plaît. ?","Ciblez des structures pertinentes, préparez CV/lettre, postulez, puis demandez la convention au service compétent. Respectez les délais administratifs."
Comment procéder pour comment trouver un stage et obtenir une convention ?,"Ciblez des structures pertinentes, préparez CV/lettre, postulez, puis demandez la convention au service compétent. Respectez les délais administratifs."
Comment emprunter un livre à la bibliothèque ?,"Inscrivez‑vous au service, recherchez l’ouvrage, vérifiez sa disponibilité puis effectuez l’emprunt selon les règles (durée, renouvellement, pénalités)."
Procédure pour comment emprunter un livre à la bibliothèque ?,"Inscrivez‑vous au service, recherchez l’ouvrage, vérifiez sa disponibilité puis effectuez l’emprunt selon les règles (durée, renouvellement, pénalités)."
Quelles sont les étapes pour comment emprunter un livre à la bibliothèque ?,"Inscrivez‑vous au service, recherchez l’ouvrage, vérifiez sa disponibilité puis effectuez l’emprunt selon les règles (durée, renouvellement, pénalités)."
"Je veux comment emprunter un livre à la bibliothèque, comment faire ?","Inscrivez‑vous au service, recherchez l’ouvrage, vérifiez sa disponibilité puis effectuez l’emprunt selon les règles (durée, renouvellement, pénalités)."
"Aide : comment emprunter un livre à la bibliothèque, s'il vous plaît. ?","Inscrivez‑vous au service, recherchez l’ouvrage, vérifiez sa disponibilité puis effectuez l’emprunt selon les règles (durée, renouvellement, pénalités)."
Comment procéder pour comment emprunter un livre à la bibliothèque ?,"Inscrivez‑vous au service, recherchez l’ouvrage, vérifiez sa disponibilité puis effectuez l’emprunt selon les règles (durée, renouvellement, pénalités)."
Puis‑je obtenir une version numérique signée d’un relevé ?,Oui si le service le propose. La demande s’effectue via l’espace étudiant ou par e‑mail institutionnel. Un délai de traitement s’applique.
Procédure pour puis‑je obtenir une version numérique signée d’un relevé ?,Oui si le service le propose. La demande s’effectue via l’espace étudiant ou par e‑mail institutionnel. Un délai de traitement s’applique.
Quelles sont les étapes pour puis‑je obtenir une version numérique signée d’un relevé ?,Oui si le service le propose. La demande s’effectue via l’espace étudiant ou par e‑mail institutionnel. Un délai de traitement s’applique.
"Je veux puis‑je obtenir une version numérique signée d’un relevé, comment faire ?",Oui si le service le propose. La demande s’effectue via l’espace étudiant ou par e‑mail institutionnel. Un délai de traitement s’applique.
"Aide : puis‑je obtenir une version numérique signée d’un relevé, s'il vous plaît. ?",Oui si le service le propose. La demande s’effectue via l’espace étudiant ou par e‑mail institutionnel. Un délai de traitement s’applique.
Comment procéder pour puis‑je obtenir une version numérique signée d’un relevé ?,Oui si le service le propose. La demande s’effectue via l’espace étudiant ou par e‑mail institutionnel. Un délai de traitement s’applique.
Je n’ai pas reçu l’e‑mail d’activation. ?,"Vérifiez le dossier spam, attendez quelques minutes, puis redemandez l’activation. Assurez‑vous d’avoir saisi le bon e‑mail lors de l’inscription."
Procédure pour je n’ai pas reçu l’e‑mail d’activation ?,"Vérifiez le dossier spam, attendez quelques minutes, puis redemandez l’activation. Assurez‑vous d’avoir saisi le bon e‑mail lors de l’inscription."
Quelles sont les étapes pour je n’ai pas reçu l’e‑mail d’activation ?,"Vérifiez le dossier spam, attendez quelques minutes, puis redemandez l’activation. Assurez‑vous d’avoir saisi le bon e‑mail lors de l’inscription."
"Je veux je n’ai pas reçu l’e‑mail d’activation, comment faire ?","Vérifiez le dossier spam, attendez quelques minutes, puis redemandez l’activation. Assurez‑vous d’avoir saisi le bon e‑mail lors de l’inscription."
"Aide : je n’ai pas reçu l’e‑mail d’activation, s'il vous plaît. ?","Vérifiez le dossier spam, attendez quelques minutes, puis redemandez l’activation. Assurez‑vous d’avoir saisi le bon e‑mail lors de l’inscription."
Comment procéder pour je n’ai pas reçu l’e‑mail d’activation ?,"Vérifiez le dossier spam, attendez quelques minutes, puis redemandez l’activation. Assurez‑vous d’avoir saisi le bon e‑mail lors de l’inscription."
Comment mettre à jour mes informations personnelles ?,"Depuis votre espace étudiant : rubrique Profil > Modifier. Joignez des justificatifs si requis (changement d’adresse, numéro, etc.)."
Procédure pour comment mettre à jour mes informations personnelles ?,"Depuis votre espace étudiant : rubrique Profil > Modifier. Joignez des justificatifs si requis (changement d’adresse, numéro, etc.)."
Quelles sont les étapes pour comment mettre à jour mes informations personnelles ?,"Depuis votre espace étudiant : rubrique Profil > Modifier. Joignez des justificatifs si requis (changement d’adresse, numéro, etc.)."
"Je veux comment mettre à jour mes informations personnelles, comment faire ?","Depuis votre espace étudiant : rubrique Profil > Modifier. Joignez des justificatifs si requis (changement d’adresse, numéro, etc.)."
"Aide : comment mettre à jour mes informations personnelles, s'il vous plaît. ?","Depuis votre espace étudiant : rubrique Profil > Modifier. Joignez des justificatifs si requis (changement d’adresse, numéro, etc.)."
Comment procéder pour comment mettre à jour mes informations personnelles ?,"Depuis votre espace étudiant : rubrique Profil > Modifier. Joignez des justificatifs si requis (changement d’adresse, numéro, etc.)."
Comment ouvrir un ticket au support TIC ?,"Utilisez le formulaire helpdesk (ou e‑mail support). Décrivez le problème, joignez des captures et indiquez votre identifiant étudiant."
Procédure pour comment ouvrir un ticket au support tic ?,"Utilisez le formulaire helpdesk (ou e‑mail support). Décrivez le problème, joignez des captures et indiquez votre identifiant étudiant."
Quelles sont les étapes pour comment ouvrir un ticket au support tic ?,"Utilisez le formulaire helpdesk (ou e‑mail support). Décrivez le problème, joignez des captures et indiquez votre identifiant étudiant."
"Je veux comment ouvrir un ticket au support tic, comment faire ?","Utilisez le formulaire helpdesk (ou e‑mail support). Décrivez le problème, joignez des captures et indiquez votre identifiant étudiant."
"Aide : comment ouvrir un ticket au support tic, s'il vous plaît. ?","Utilisez le formulaire helpdesk (ou e‑mail support). Décrivez le problème, joignez des captures et indiquez votre identifiant étudiant."
Comment procéder pour comment ouvrir un ticket au support tic ?,"Utilisez le formulaire helpdesk (ou e‑mail support). Décrivez le problème, joignez des captures et indiquez votre identifiant étudiant."
Quelles sont les règles d’usage du réseau et des comptes ?,"Usage responsable, pas de partage d’identifiants, respect des lois en vigueur, pas de téléchargement illicite. L’établissement peut suspendre un compte en cas d’abus."
Procédure pour quelles sont les règles d’usage du réseau et des comptes ?,"Usage responsable, pas de partage d’identifiants, respect des lois en vigueur, pas de téléchargement illicite. L’établissement peut suspendre un compte en cas d’abus."
Quelles sont les étapes pour quelles sont les règles d’usage du réseau et des comptes ?,"Usage responsable, pas de partage d’identifiants, respect des lois en vigueur, pas de téléchargement illicite. L’établissement peut suspendre un compte en cas d’abus."
"Je veux quelles sont les règles d’usage du réseau et des comptes, comment faire ?","Usage responsable, pas de partage d’identifiants, respect des lois en vigueur, pas de téléchargement illicite. L’établissement peut suspendre un compte en cas d’abus."
"Aide : quelles sont les règles d’usage du réseau et des comptes, s'il vous plaît. ?","Usage responsable, pas de partage d’identifiants, respect des lois en vigueur, pas de téléchargement illicite. L’établissement peut suspendre un compte en cas d’abus."
Comment procéder pour quelles sont les règles d’usage du réseau et des comptes ?,"Usage responsable, pas de partage d’identifiants, respect des lois en vigueur, pas de téléchargement illicite. L’établissement peut suspendre un compte en cas d’abus."
Puis‑je contester une note ?,"Oui en respectant la procédure : requête motivée dans les délais, adressée à l’enseignant et au département. Les modalités sont précisées dans la note de service."
Procédure pour puis‑je contester une note ?,"Oui en respectant la procédure : requête motivée dans les délais, adressée à l’enseignant et au département. Les modalités sont précisées dans la note de service."
Quelles sont les étapes pour puis‑je contester une note ?,"Oui en respectant la procédure : requête motivée dans les délais, adressée à l’enseignant et au département. Les modalités sont précisées dans la note de service."
"Je veux puis‑je contester une note, comment faire ?","Oui en respectant la procédure : requête motivée dans les délais, adressée à l’enseignant et au département. Les modalités sont précisées dans la note de service."
"Aide : puis‑je contester une note, s'il vous plaît. ?","Oui en respectant la procédure : requête motivée dans les délais, adressée à l’enseignant et au département. Les modalités sont précisées dans la note de service."
Comment procéder pour puis‑je contester une note ?,"Oui en respectant la procédure : requête motivée dans les délais, adressée à l’enseignant et au département. Les modalités sont précisées dans la note de service."
Comment justifier une absence ?,"Déposez un justificatif (certificat, convocation…) au secrétariat dans les délais. L’enseignant décide des conditions de rattrapage."
Procédure pour comment justifier une absence ?,"Déposez un justificatif (certificat, convocation…) au secrétariat dans les délais. L’enseignant décide des conditions de rattrapage."
Quelles sont les étapes pour comment justifier une absence ?,"Déposez un justificatif (certificat, convocation…) au secrétariat dans les délais. L’enseignant décide des conditions de rattrapage."
"Je veux comment justifier une absence, comment faire ?","Déposez un justificatif (certificat, convocation…) au secrétariat dans les délais. L’enseignant décide des conditions de rattrapage."
"Aide : comment justifier une absence, s'il vous plaît. ?","Déposez un justificatif (certificat, convocation…) au secrétariat dans les délais. L’enseignant décide des conditions de rattrapage."
Comment procéder pour comment justifier une absence ?,"Déposez un justificatif (certificat, convocation…) au secrétariat dans les délais. L’enseignant décide des conditions de rattrapage."
